{
  "version": 1,
  "author": "Anonymous maker",
  "editor": "wokwi",
  "parts": [
    { "type": "board-esp32-devkit-c-v4", "id": "esp", "top": -57.6, "left": 33.64, "attrs": {} },
    {
      "type": "wokwi-photoresistor-sensor",
      "id": "ldr1",
      "top": -44.8,
      "left": -200.8,
      "attrs": {}
    }
  ],
  "connections": [
    [ "esp:TX", "$serialMonitor:RX", "", [] ],
    [ "esp:RX", "$serialMonitor:TX", "", [] ],
    [ "esp:3V3", "ldr1:VCC", "red", [ "h0" ] ],
    [ "esp:GND.1", "ldr1:GND", "black", [ "h-19.05", "v-115.2" ] ],
    [ "esp:34", "ldr1:AO", "green", [ "h-28.65", "v-9.6" ] ]
  ],
  "dependencies": {}
}