{
  "version": 1,
  "author": "Anonymous maker",
  "editor": "wokwi",
  "parts": [
    { "type": "board-esp32-devkit-c-v4", "id": "esp", "top": 0, "left": 4.84, "attrs": {} },
    {
      "type": "wokwi-dht22",
      "id": "dht1",
      "top": -28.5,
      "left": -120.6,
      "attrs": { "humidity": "96.5", "temperature": "80" }
    },
    {
      "type": "wokwi-led",
      "id": "led1",
      "top": 15.6,
      "left": 138.2,
      "attrs": { "color": "cyan" }
    },
    { "type": "wokwi-led", "id": "led2", "top": 15.6, "left": 282.2, "attrs": { "color": "red" } },
    {
      "type": "wokwi-resistor",
      "id": "r1",
      "top": 91.2,
      "left": 133.85,
      "rotate": 90,
      "attrs": { "value": "200" }
    },
    {
      "type": "wokwi-resistor",
      "id": "r2",
      "top": 91.2,
      "left": 277.85,
      "rotate": 90,
      "attrs": { "value": "200" }
    },
    {
      "type": "wokwi-led",
      "id": "led3",
      "top": 15.6,
      "left": 205.4,
      "attrs": { "color": "limegreen" }
    },
    {
      "type": "wokwi-resistor",
      "id": "r3",
      "top": 91.2,
      "left": 201.05,
      "rotate": 90,
      "attrs": { "value": "200" }
    },
    { "type": "wokwi-potentiometer", "id": "pot1", "top": -126.1, "left": -96.2, "attrs": {} }
  ],
  "connections": [
    [ "esp:TX", "$serialMonitor:RX", "", [] ],
    [ "esp:RX", "$serialMonitor:TX", "", [] ],
    [ "dht1:VCC", "esp:3V3", "red", [ "v38.4", "h76.8", "v-19.2" ] ],
    [ "dht1:GND", "esp:GND.1", "black", [ "v0" ] ],
    [ "esp:GND.2", "led1:C", "black", [ "v0", "h33.64", "v28.8" ] ],
    [ "esp:GND.2", "led2:C", "black", [ "v0", "h33.64", "v28.8" ] ],
    [ "led1:A", "r1:1", "green", [ "v0" ] ],
    [ "led2:A", "r2:1", "green", [ "v0" ] ],
    [ "esp:GND.2", "led3:C", "black", [ "v0", "h33.64", "v28.8" ] ],
    [ "led3:A", "r3:1", "green", [ "v0" ] ],
    [ "r1:2", "esp:19", "green", [ "h-28.8", "v-30" ] ],
    [ "r3:2", "esp:18", "green", [ "h0", "v8.4", "h-105.6", "v-28.8" ] ],
    [ "r2:2", "esp:17", "green", [ "h0", "v18", "h-192", "v-19.2" ] ],
    [ "pot1:GND", "esp:GND.1", "black", [ "v19.2", "h-67.2", "v192" ] ],
    [ "pot1:SIG", "esp:26", "green", [ "v0" ] ],
    [ "pot1:VCC", "esp:3V3", "red", [ "v48", "h56.8" ] ],
    [ "dht1:SDA", "esp:4", "green", [ "v134.4", "h220.9", "v-67.2" ] ]
  ],
  "dependencies": {}
}