{
  "version": 1,
  "author": "Anonymous maker",
  "editor": "wokwi",
  "parts": [
    { "type": "board-esp32-devkit-c-v4", "id": "esp", "top": 0, "left": -23.96, "attrs": {} },
    {
      "type": "wokwi-led",
      "id": "led1",
      "top": 25.2,
      "left": 205.4,
      "attrs": { "color": "yellow" }
    },
    { "type": "wokwi-led", "id": "led2", "top": 25.2, "left": 157.4, "attrs": { "color": "red" } },
    {
      "type": "wokwi-led",
      "id": "led3",
      "top": 25.2,
      "left": 253.4,
      "attrs": { "color": "limegreen" }
    },
    {
      "type": "wokwi-resistor",
      "id": "r1",
      "top": 120,
      "left": 153.05,
      "rotate": 90,
      "attrs": { "value": "200" }
    },
    {
      "type": "wokwi-resistor",
      "id": "r2",
      "top": 120,
      "left": 249.05,
      "rotate": 90,
      "attrs": { "value": "200" }
    },
    {
      "type": "wokwi-resistor",
      "id": "r3",
      "top": 120,
      "left": 201.05,
      "rotate": 90,
      "attrs": { "value": "200" }
    }
  ],
  "connections": [
    [ "esp:TX", "$serialMonitor:RX", "", [] ],
    [ "esp:RX", "$serialMonitor:TX", "", [] ],
    [ "esp:GND.2", "led2:C", "black", [ "v0", "h52.84", "v38.4" ] ],
    [ "esp:GND.2", "led1:C", "black", [ "v0", "h52.84", "v38.4" ] ],
    [ "esp:GND.2", "led3:C", "black", [ "v0", "h52.84", "v38.4" ] ],
    [ "led2:A", "r1:1", "green", [ "v0" ] ],
    [ "led1:A", "r3:1", "green", [ "v0" ] ],
    [ "led3:A", "r2:1", "green", [ "v0" ] ],
    [ "r1:2", "esp:19", "green", [ "h-57.6", "v-1.2" ] ],
    [ "r3:2", "esp:18", "green", [ "h0", "v8.4", "h-115.2", "v-57.6" ] ],
    [ "r2:2", "esp:17", "green", [ "h0", "v18", "h-172.8", "v-48" ] ]
  ],
  "dependencies": {}
}